City,YearMonth,avg_temp,avg_humidity,avg_wind,monthly_rainfall
Adelaide,2008-07,11.1,64.2,14.6,72.2
Adelaide,2008-08,10.6,66.6,13.4,84.8
Adelaide,2008-09,15.0,45.0,16.4,16.0
Adelaide,2008-10,18.2,40.2,14.3,8.0
Adelaide,2008-11,19.5,44.2,15.4,13.8
Adelaide,2008-12,20.5,48.5,14.3,40.4
Adelaide,2009-01,25.0,31.3,14.1,1.2
Adelaide,2009-02,25.1,35.8,13.6,0.8
Adelaide,2009-03,20.7,49.8,11.8,21.4
Adelaide,2009-04,17.9,51.8,12.8,73.6
Adelaide,2009-05,14.3,67.5,8.8,63.0
Adelaide,2009-06,12.5,67.6,12.3,52.0
Adelaide,2009-07,12.4,68.0,14.6,109.0
Adelaide,2009-08,13.8,59.3,16.0,55.8
Adelaide,2009-09,15.0,50.8,16.3,61.6
Adelaide,2009-10,16.7,47.2,14.2,18.4
Adelaide,2009-11,24.4,38.2,14.5,42.2
Adelaide,2009-12,22.2,40.0,14.6,18.2
Adelaide,2010-01,24.7,36.2,13.8,9.2
Adelaide,2010-02,25.2,40.4,12.6,5.6
Adelaide,2010-03,22.0,46.4,12.0,19.0
Adelaide,2010-04,19.2,54.2,11.5,49.6
Adelaide,2010-05,15.1,57.5,10.8,56.8
Adelaide,2010-06,11.7,69.9,10.1,65.8
Adelaide,2010-07,11.1,69.6,11.0,59.8
Adelaide,2010-08,11.5,62.9,15.7,115.2
Adelaide,2010-09,13.1,60.6,14.9,72.2
Adelaide,2010-10,16.5,48.8,13.9,29.2
Adelaide,2010-11,19.2,49.0,12.5,23.2
Adelaide,2010-12,21.4,46.5,15.8,87.0
Adelaide,2011-01,24.5,44.1,12.3,17.4
Adelaide,2011-02,23.8,49.2,12.5,43.2
Adelaide,2011-03,19.9,56.1,11.6,81.8
Adelaide,2011-05,14.0,60.7,10.3,61.8
Adelaide,2011-06,12.5,63.1,12.8,37.2
Adelaide,2011-07,11.8,64.6,11.7,61.4
Adelaide,2011-08,13.6,60.1,12.8,92.4
Adelaide,2011-09,15.5,46.4,15.6,46.8
Adelaide,2011-10,17.6,51.7,13.5,42.6
Adelaide,2011-11,20.7,46.0,13.4,25.2
Adelaide,2011-12,22.1,39.6,14.1,18.2
Adelaide,2012-01,25.1,39.5,14.9,18.0
Adelaide,2012-02,22.7,46.1,12.3,25.0
Adelaide,2012-03,20.6,49.6,12.6,64.2
Adelaide,2012-04,18.4,46.8,11.6,27.0
Adelaide,2012-05,13.8,61.0,11.0,62.4
Adelaide,2012-06,11.6,68.8,12.1,126.4
Adelaide,2012-07,11.6,67.0,11.4,66.2
Adelaide,2012-08,11.8,63.6,15.1,68.0
Adelaide,2012-09,14.8,50.0,16.4,21.8
Adelaide,2012-10,16.9,43.2,14.4,20.0
Adelaide,2012-11,21.4,37.5,15.0,17.4
Adelaide,2013-01,23.5,37.9,14.5,11.6
Adelaide,2013-03,23.3,47.1,13.7,19.6
Adelaide,2013-04,18.6,50.9,11.8,33.2
Adelaide,2013-05,16.4,54.5,12.1,54.8
Adelaide,2013-06,12.5,69.0,11.1,76.4
Adelaide,2013-07,12.7,68.4,14.2,119.2
Adelaide,2013-08,13.2,66.3,16.9,84.4
Adelaide,2013-09,17.5,52.7,16.2,42.6
Adelaide,2013-10,16.8,45.2,17.7,32.4
Adelaide,2013-11,19.1,40.7,14.7,5.2
Adelaide,2013-12,22.0,38.9,14.0,16.2
Adelaide,2014-01,25.5,36.0,13.9,10.2
Adelaide,2014-02,23.8,42.8,14.0,98.2
Adelaide,2014-03,21.3,51.4,11.4,19.0
Adelaide,2014-04,18.2,53.2,13.1,50.6
Adelaide,2014-05,16.4,60.5,10.8,64.4
Adelaide,2014-06,12.8,71.3,12.9,104.2
Adelaide,2014-07,11.8,69.1,13.8,99.6
Adelaide,2014-08,12.1,52.0,10.8,20.8
Adelaide,2014-09,15.8,47.0,16.2,31.4
Adelaide,2014-10,19.1,40.6,14.1,5.0
Adelaide,2014-11,20.6,40.6,13.7,24.4
Adelaide,2014-12,21.2,48.2,14.4,6.4
Adelaide,2015-01,23.1,48.6,14.7,41.6
Adelaide,2015-02,25.4,37.9,13.2,0.6
Adelaide,2015-03,20.0,48.5,13.5,2.4
Adelaide,2015-04,15.8,53.6,10.2,57.4
Adelaide,2015-05,14.2,64.3,10.2,71.8
Adelaide,2015-06,12.2,64.9,7.3,15.4
Adelaide,2015-07,10.7,67.1,10.2,73.6
Adelaide,2015-08,12.0,65.6,11.0,48.4
Adelaide,2015-09,14.1,49.0,12.0,52.2
Adelaide,2015-10,20.6,41.1,10.4,9.0
Adelaide,2015-11,21.0,42.8,11.5,9.8
Adelaide,2015-12,25.3,32.6,12.1,13.0
Adelaide,2016-01,24.7,39.8,10.2,52.8
Adelaide,2016-02,22.8,47.4,9.7,18.4
Adelaide,2016-03,22.7,49.6,8.1,53.8
Adelaide,2016-04,18.7,47.4,9.4,9.6
Adelaide,2016-05,16.1,64.6,10.7,88.0
Adelaide,2016-06,12.5,69.8,10.1,95.2
Adelaide,2016-07,11.7,69.8,10.9,112.0
Adelaide,2016-08,12.7,58.0,11.3,58.8
Adelaide,2016-09,13.2,62.4,13.6,131.2
Adelaide,2016-10,15.8,50.6,15.3,81.0
Adelaide,2016-11,18.4,45.0,12.7,33.2
Adelaide,2016-12,22.0,45.1,12.3,86.8
Adelaide,2017-01,24.4,45.7,10.1,47.2
Adelaide,2017-02,22.8,48.6,10.5,33.4
Adelaide,2017-03,23.3,49.8,9.2,39.4
Adelaide,2017-04,18.3,52.4,9.4,33.2
Adelaide,2017-05,14.3,57.9,8.3,51.2
Adelaide,2017-06,11.3,65.3,5.1,2.0
Alice Springs,2008-12,27.8,33.4,17.2,54.8
Alice Springs,2009-01,29.2,30.8,21.8,15.0
Alice Springs,2009-02,28.6,19.9,20.5,9.0
Alice Springs,2009-03,27.5,19.3,17.3,0.4
Alice Springs,2009-04,21.2,23.4,15.7,0.0
Alice Springs,2009-05,14.4,37.5,15.4,21.2
Alice Springs,2009-06,13.6,43.1,11.5,2.4
Alice Springs,2009-07,12.9,35.4,12.9,0.0
Alice Springs,2009-08,19.2,21.3,16.3,11.6
Alice Springs,2009-09,22.0,19.5,21.4,5.8
Alice Springs,2009-10,22.0,14.1,20.0,0.0
Alice Springs,2009-11,27.3,15.1,21.8,0.4
Alice Springs,2009-12,27.9,20.4,20.5,11.0
Alice Springs,2010-01,28.3,32.0,19.1,137.0
Alice Springs,2010-02,27.8,41.7,17.2,182.4
Alice Springs,2010-03,23.8,41.3,17.0,31.2
Alice Springs,2010-04,21.4,48.8,14.1,39.8
Alice Springs,2010-05,15.5,46.4,12.9,11.6
Alice Springs,2010-06,11.1,45.6,13.2,0.0
Alice Springs,2010-07,12.2,65.0,14.0,102.8
Alice Springs,2010-08,12.8,48.6,15.4,16.4
Alice Springs,2010-09,16.2,52.3,18.0,48.8
Alice Springs,2010-10,19.2,43.5,18.4,70.2
Alice Springs,2010-11,22.2,33.4,18.6,61.6
Alice Springs,2010-12,26.1,28.5,18.4,67.8
Alice Springs,2011-01,29.8,34.3,18.1,64.2
Alice Springs,2011-02,27.5,50.8,16.2,107.6
Alice Springs,2011-03,23.3,60.5,17.3,120.6
Alice Springs,2011-05,13.3,43.4,13.0,2.0
Alice Springs,2011-06,11.0,48.3,10.4,9.2
Alice Springs,2011-07,12.0,46.0,10.4,5.8
Alice Springs,2011-08,15.2,25.5,12.7,0.0
Alice Springs,2011-09,18.4,18.9,18.0,0.0
Alice Springs,2011-10,23.3,28.7,19.6,12.4
Alice Springs,2011-11,25.1,31.9,18.1,40.2
Alice Springs,2011-12,27.7,21.5,20.3,4.2
Alice Springs,2012-01,29.6,24.8,18.7,26.6
Alice Springs,2012-02,26.8,27.9,18.7,44.4
Alice Springs,2012-03,22.4,41.4,17.6,40.8
Alice Springs,2012-04,20.4,38.0,14.5,25.8
Alice Springs,2012-05,13.9,31.8,14.1,0.0
Alice Springs,2012-06,11.0,37.4,12.8,0.0
Alice Springs,2012-07,9.4,32.6,14.3,0.0
Alice Springs,2012-08,14.6,19.4,15.4,0.0
Alice Springs,2012-09,19.5,17.3,16.3,4.0
Alice Springs,2012-10,23.4,13.9,19.1,0.6
Alice Springs,2012-11,28.5,21.9,19.7,43.2
Alice Springs,2013-01,30.9,17.5,21.0,23.2
Alice Springs,2013-03,27.1,28.4,18.2,25.2
Alice Springs,2013-04,21.5,24.6,14.8,0.8
Alice Springs,2013-05,17.5,44.2,12.5,43.4
Alice Springs,2013-06,13.2,48.2,12.4,4.0
Alice Springs,2013-07,12.8,43.9,12.7,43.2
Alice Springs,2013-08,16.8,23.1,13.0,0.0
Alice Springs,2013-09,23.3,14.5,18.8,0.6
Alice Springs,2013-10,23.2,13.0,20.4,0.0
Alice Springs,2013-11,26.7,15.8,20.1,1.2
Alice Springs,2013-12,27.8,25.7,17.5,30.8
Alice Springs,2014-01,29.1,29.6,20.3,33.4
Alice Springs,2014-02,27.0,36.3,21.6,46.2
Alice Springs,2014-03,26.1,23.2,17.5,1.0
Alice Springs,2014-04,21.4,44.7,14.7,90.6
Alice Springs,2014-05,17.9,44.1,10.7,5.4
Alice Springs,2014-06,11.5,41.4,14.4,0.0
Alice Springs,2014-07,12.1,39.6,10.7,26.4
Alice Springs,2014-08,11.8,26.4,14.8,0.0
Alice Springs,2014-09,19.9,16.6,18.7,0.0
Alice Springs,2014-10,24.5,11.0,20.0,0.0
Alice Springs,2014-11,27.6,20.1,17.4,13.6
Alice Springs,2014-12,29.4,30.5,17.7,34.8
Alice Springs,2015-01,26.6,40.3,17.6,195.2
Alice Springs,2015-02,28.7,22.2,15.9,0.0
Alice Springs,2015-03,26.1,18.8,19.7,0.0
Alice Springs,2015-04,18.6,30.9,17.2,7.6
Alice Springs,2015-05,14.9,35.1,13.2,0.0
Alice Springs,2015-06,13.0,48.0,11.7,2.4
Alice Springs,2015-07,10.9,35.8,11.3,0.0
Alice Springs,2015-08,14.5,28.6,15.4,0.4
Alice Springs,2015-09,16.6,18.2,17.0,0.0
Alice Springs,2015-10,25.5,11.0,17.1,0.0
Alice Springs,2015-11,28.0,15.0,18.7,23.8
Alice Springs,2015-12,28.1,38.4,19.0,119.8
Alice Springs,2016-01,27.5,36.3,15.7,40.0
Alice Springs,2016-02,28.9,21.6,19.1,26.4
Alice Springs,2016-03,27.7,35.2,15.2,16.2
Alice Springs,2016-04,22.4,22.6,14.6,0.0
Alice Springs,2016-05,18.3,46.7,11.3,56.8
Alice Springs,2016-06,14.6,57.8,14.1,28.0
Alice Springs,2016-07,12.8,41.7,13.4,0.0
Alice Springs,2016-08,14.4,35.9,16.5,20.4
Alice Springs,2016-09,17.3,41.9,18.8,49.2
Alice Springs,2016-10,21.3,20.5,20.0,3.4
Alice Springs,2016-11,26.3,17.4,20.0,7.0
Alice Springs,2016-12,28.0,44.4,18.3,125.8
Alice Springs,2017-01,29.5,47.3,16.3,73.2
Alice Springs,2017-02,28.7,28.8,17.1,4.4
Alice Springs,2017-03,28.1,20.4,16.0,0.0
Alice Springs,2017-04,20.4,26.2,15.1,0.2
Alice Springs,2017-05,16.5,28.1,11.1,0.0
Alice Springs,2017-06,10.9,36.7,11.9,0.0
Brisbane,2008-07,15.5,59.0,9.7,91.4
Brisbane,2008-08,15.3,46.0,10.8,15.8
Brisbane,2008-09,19.5,60.8,11.9,55.6
Brisbane,2008-10,19.7,54.5,12.0,55.2
Brisbane,2008-11,23.7,62.4,13.3,326.6
Brisbane,2008-12,25.5,56.7,12.2,62.6
Brisbane,2009-01,25.7,60.4,13.7,77.4
Brisbane,2009-02,25.7,63.9,11.2,131.8
Brisbane,2009-03,24.5,60.1,12.5,47.6
Brisbane,2009-04,22.6,60.9,10.4,195.2
Brisbane,2009-05,19.0,61.3,10.0,240.8
Brisbane,2009-06,16.5,64.4,8.9,87.6
Brisbane,2009-07,15.8,54.7,9.9,3.6
Brisbane,2009-08,18.8,53.2,9.8,4.0
Brisbane,2009-09,20.2,46.9,11.8,23.4
Brisbane,2009-10,21.7,47.3,13.5,57.4
Brisbane,2009-11,24.6,54.8,12.9,31.4
Brisbane,2009-12,25.9,60.5,12.2,172.2
Brisbane,2010-01,26.5,58.5,11.9,40.2
Brisbane,2010-02,26.0,64.1,13.1,272.4
Brisbane,2010-03,24.3,67.0,12.8,162.2
Brisbane,2010-04,22.7,64.5,7.2,36.4
Brisbane,2010-05,18.9,60.8,7.0,61.2
Brisbane,2010-06,16.6,60.0,6.5,6.2
Brisbane,2010-07,16.8,60.7,6.6,27.8
Brisbane,2010-08,16.4,51.6,8.8,104.6
Brisbane,2010-09,20.1,61.3,6.6,103.6
Brisbane,2010-10,20.4,63.9,8.6,306.4
Brisbane,2010-11,22.5,58.9,9.7,57.8
Brisbane,2010-12,24.1,70.8,8.7,479.8
Brisbane,2011-01,25.4,65.1,10.1,315.8
Brisbane,2011-02,26.2,64.7,8.0,157.0
Brisbane,2011-03,24.5,63.5,8.1,149.2
Brisbane,2011-05,18.1,60.2,6.3,69.2
Brisbane,2011-06,15.6,57.7,6.7,10.6
Brisbane,2011-07,15.5,49.9,7.4,12.4
Brisbane,2011-08,16.9,59.2,7.8,76.8
Brisbane,2011-09,18.7,50.0,8.2,18.6
Brisbane,2011-10,20.8,58.3,9.0,117.8
Brisbane,2011-11,24.3,57.3,8.8,15.6
Brisbane,2011-12,23.2,62.9,10.2,132.4
Brisbane,2012-01,24.7,67.7,8.7,343.4
Brisbane,2012-02,25.5,66.9,9.4,162.2
Brisbane,2012-03,23.9,68.5,8.4,118.2
Brisbane,2012-04,21.9,68.4,6.8,149.0
Brisbane,2012-05,18.3,61.5,6.1,36.4
Brisbane,2012-06,16.6,67.6,6.9,122.0
Brisbane,2012-07,16.2,63.4,6.6,51.2
Brisbane,2012-08,16.5,46.9,6.5,0.2
Brisbane,2012-09,19.5,53.4,8.3,5.6
Brisbane,2012-10,21.3,52.0,9.4,21.4
Brisbane,2012-11,23.3,57.3,9.0,116.8
Brisbane,2013-01,26.5,64.0,10.8,271.0
Brisbane,2013-03,24.2,68.1,9.0,172.4
Brisbane,2013-04,21.7,64.4,6.5,104.6
Brisbane,2013-05,18.4,63.0,7.4,44.0
Brisbane,2013-06,16.6,66.4,6.4,59.4
Brisbane,2013-07,17.2,68.8,6.0,39.0
Brisbane,2013-08,17.8,48.2,6.8,0.2
Brisbane,2013-09,21.0,54.4,8.3,13.2
Brisbane,2013-10,22.9,51.7,9.8,22.6
Brisbane,2013-11,23.3,55.9,9.2,104.8
Brisbane,2013-12,24.7,53.3,9.1,19.2
Brisbane,2014-01,26.1,56.5,11.6,143.8
Brisbane,2014-02,25.7,57.8,11.1,15.8
Brisbane,2014-03,24.7,62.9,9.6,164.4
Brisbane,2014-04,23.0,59.6,7.1,14.2
Brisbane,2014-05,20.0,63.1,7.7,28.6
Brisbane,2014-06,17.9,58.3,7.5,16.2
Brisbane,2014-07,15.4,49.8,7.2,14.2
Brisbane,2014-08,17.3,55.5,8.9,93.2
Brisbane,2014-09,19.0,51.0,9.1,27.6
Brisbane,2014-10,22.2,50.8,10.0,5.8
Brisbane,2014-11,25.1,57.3,10.0,142.0
Brisbane,2014-12,25.5,62.1,8.2,124.4
Brisbane,2015-01,26.5,66.2,9.5,322.4
Brisbane,2015-02,25.1,65.2,10.5,274.8
Brisbane,2015-03,25.7,62.4,8.2,161.4
Brisbane,2015-04,21.6,61.8,7.2,146.2
Brisbane,2015-05,19.2,59.8,7.0,248.8
Brisbane,2015-06,17.1,67.3,6.8,34.6
Brisbane,2015-07,15.7,58.8,8.0,9.2
Brisbane,2015-08,17.7,54.6,7.2,27.6
Brisbane,2015-09,18.7,54.4,8.2,54.2
Brisbane,2015-10,21.7,55.4,9.1,55.8
Brisbane,2015-11,24.5,59.3,9.0,74.2
Brisbane,2015-12,24.6,55.8,8.7,36.2
Brisbane,2016-01,25.7,58.6,8.8,51.4
Brisbane,2016-02,27.0,56.6,10.5,13.8
Brisbane,2016-03,25.3,63.7,8.9,117.4
Brisbane,2016-04,23.7,59.9,8.2,12.8
Brisbane,2016-05,21.0,54.9,7.3,27.6
Brisbane,2016-06,17.3,61.4,8.6,264.8
Brisbane,2016-07,17.4,57.1,7.4,28.2
Brisbane,2016-08,17.4,57.4,7.4,31.6
Brisbane,2016-09,20.0,55.2,9.1,51.8
Brisbane,2016-10,21.1,46.2,9.1,30.2
Brisbane,2016-11,24.8,51.4,9.6,28.0
Brisbane,2016-12,25.6,58.0,10.8,102.0
Brisbane,2017-01,27.2,59.6,9.2,218.4
Brisbane,2017-02,27.6,53.2,10.2,30.6
Brisbane,2017-03,26.3,64.8,8.4,189.6
Brisbane,2017-04,21.4,57.8,7.6,5.8
Brisbane,2017-05,19.9,63.7,6.5,36.2
Brisbane,2017-06,17.7,60.2,6.5,74.8
Cairns,2008-12,28.5,66.9,14.9,195.2
Cairns,2009-01,27.5,74.6,13.1,868.0
Cairns,2009-02,27.7,75.3,13.3,620.0
Cairns,2009-03,27.4,64.8,21.6,152.0
Cairns,2009-04,26.2,65.4,18.0,134.0
Cairns,2009-05,23.5,68.3,18.8,87.2
Cairns,2009-06,22.8,62.8,17.4,4.4
Cairns,2009-07,21.8,58.5,18.9,5.0
Cairns,2009-08,22.9,56.4,20.6,8.0
Cairns,2009-09,24.8,52.3,20.4,3.6
Cairns,2009-10,25.0,53.9,19.8,30.8
Cairns,2009-11,25.7,65.2,18.6,208.2
Cairns,2009-12,27.6,63.1,16.6,78.2
Cairns,2010-01,27.6,75.5,17.1,696.6
Cairns,2010-02,28.3,71.2,13.6,290.8
Cairns,2010-03,27.4,72.6,20.3,436.2
Cairns,2010-04,26.0,77.8,18.0,252.8
Cairns,2010-05,24.8,66.2,18.6,30.6
Cairns,2010-06,23.8,61.6,21.4,10.8
Cairns,2010-07,24.2,70.6,22.7,36.6
Cairns,2010-08,23.8,63.6,19.2,62.6
Cairns,2010-09,26.2,67.7,18.0,91.8
Cairns,2010-10,26.0,67.2,22.5,184.6
Cairns,2010-11,26.7,69.4,18.1,204.4
Cairns,2010-12,28.0,72.8,14.1,362.0
Cairns,2011-01,27.5,72.8,14.5,410.0
Cairns,2011-02,27.1,77.7,16.3,999.2
Cairns,2011-03,27.3,76.5,13.1,418.8
Cairns,2011-05,23.0,57.1,19.4,13.6
Cairns,2011-06,20.9,57.4,18.4,69.2
Cairns,2011-07,21.4,58.9,21.5,12.2
Cairns,2011-08,22.1,56.0,21.1,9.6
Cairns,2011-09,23.0,54.6,23.0,14.0
Cairns,2011-10,25.4,62.7,17.8,394.4
Cairns,2011-11,26.8,63.6,19.6,82.0
Cairns,2011-12,28.0,68.0,15.6,151.4
Cairns,2012-01,27.5,68.6,14.0,355.4
Cairns,2012-02,28.0,69.6,15.2,268.2
Cairns,2012-03,26.9,76.8,16.0,937.8
Cairns,2012-04,25.4,66.7,19.4,156.6
Cairns,2012-05,23.9,67.9,22.5,144.2
Cairns,2012-06,21.2,65.1,16.4,16.2
Cairns,2012-07,21.9,62.7,21.5,43.6
Cairns,2012-08,22.0,55.8,19.9,5.4
Cairns,2012-09,23.9,57.6,18.6,13.0
Cairns,2012-10,25.2,57.2,22.3,29.0
Cairns,2012-11,26.6,60.1,18.3,22.0
Cairns,2013-01,28.3,66.8,16.4,326.8
Cairns,2013-03,27.1,72.3,18.6,183.6
Cairns,2013-04,25.6,71.0,20.8,93.4
Cairns,2013-05,24.3,72.3,21.8,172.4
Cairns,2013-06,23.0,66.0,20.1,27.0
Cairns,2013-07,22.6,65.0,25.1,37.6
Cairns,2013-08,22.0,55.6,18.9,3.6
Cairns,2013-09,23.5,61.5,20.1,43.6
Cairns,2013-10,25.8,57.3,19.6,41.8
Cairns,2013-11,26.7,66.7,17.8,165.2
Cairns,2013-12,26.7,62.5,19.4,56.8
Cairns,2014-01,27.9,69.9,19.6,323.0
Cairns,2014-02,26.9,76.4,16.0,395.8
Cairns,2014-03,26.7,74.2,20.0,419.4
Cairns,2014-04,26.4,72.8,22.9,358.8
Cairns,2014-05,24.0,69.1,22.1,92.8
Cairns,2014-06,22.5,69.2,21.7,71.6
Cairns,2014-07,21.1,58.5,19.9,14.4
Cairns,2014-08,21.9,60.9,22.6,29.8
Cairns,2014-09,23.1,53.7,19.8,1.8
Cairns,2014-10,24.9,51.1,22.6,13.8
Cairns,2014-11,27.0,55.8,19.2,18.6
Cairns,2014-12,28.4,60.6,15.5,86.2
Cairns,2015-01,28.8,69.3,16.4,210.8
Cairns,2015-02,27.7,72.3,17.3,596.2
Cairns,2015-03,27.9,66.5,21.0,241.2
Cairns,2015-04,26.1,64.0,19.4,83.2
Cairns,2015-05,24.4,63.3,20.8,27.4
Cairns,2015-06,23.5,69.8,22.0,177.6
Cairns,2015-07,21.7,64.3,21.4,25.0
Cairns,2015-08,21.9,58.2,19.0,17.0
Cairns,2015-09,23.7,55.0,20.4,13.0
Cairns,2015-10,24.5,61.3,24.0,64.8
Cairns,2015-11,26.8,66.8,17.4,92.4
Cairns,2015-12,27.2,69.1,18.4,348.0
Cairns,2016-01,28.0,66.2,15.3,288.8
Cairns,2016-02,28.8,67.4,14.9,136.0
Cairns,2016-03,27.9,72.9,16.1,258.2
Cairns,2016-04,26.7,71.5,22.2,152.8
Cairns,2016-05,25.6,73.5,19.0,180.0
Cairns,2016-06,23.7,75.2,16.6,66.6
Cairns,2016-07,23.0,70.1,19.3,85.0
Cairns,2016-08,22.4,67.4,21.2,41.8
Cairns,2016-09,25.0,70.9,17.2,49.0
Cairns,2016-10,25.6,63.2,19.7,70.6
Cairns,2016-11,27.4,58.6,19.0,17.6
Cairns,2016-12,27.9,61.5,17.6,60.0
Cairns,2017-01,28.4,73.5,14.8,374.8
Cairns,2017-02,28.2,74.2,17.3,483.8
Cairns,2017-03,28.4,72.0,14.5,121.2
Cairns,2017-04,25.8,70.8,21.6,183.2
Cairns,2017-05,24.4,68.1,22.1,72.4
Cairns,2017-06,22.4,65.0,23.4,20.8
Canberra,2007-11,18.4,55.8,12.6,95.4
Canberra,2007-12,19.2,59.5,13.7,101.0
Canberra,2008-01,22.2,52.7,13.0,43.8
Canberra,2008-02,18.6,59.5,12.3,64.6
Canberra,2008-03,18.4,53.4,11.1,30.0
Canberra,2008-04,12.3,58.1,11.8,17.4
Canberra,2008-05,9.9,63.8,10.4,12.8
Canberra,2008-06,9.5,71.7,12.8,21.8
Canberra,2008-07,5.8,70.4,15.3,44.0
Canberra,2008-08,6.6,59.4,18.3,17.6
Canberra,2008-09,10.9,48.2,17.8,40.8
Canberra,2008-10,15.1,47.0,16.3,33.6
Canberra,2008-11,17.0,48.6,15.6,87.4
Canberra,2008-12,18.6,48.3,17.5,121.0
Canberra,2009-01,22.5,42.2,14.7,52.0
Canberra,2009-02,21.5,50.1,13.5,7.0
Canberra,2009-03,19.2,47.7,13.3,10.2
Canberra,2009-04,14.0,59.6,13.1,72.6
Canberra,2009-05,10.3,63.2,12.1,2.4
Canberra,2009-06,8.0,74.7,11.6,35.4
Canberra,2009-07,6.8,68.6,16.9,30.4
Canberra,2010-03,18.1,62.2,11.4,88.0
Canberra,2010-04,14.3,59.8,11.6,19.4
Canberra,2010-05,9.9,66.0,10.5,79.4
Canberra,2010-06,6.8,69.1,11.6,20.2
Canberra,2010-07,6.2,72.6,8.6,62.2
Canberra,2010-08,7.0,65.6,17.6,66.2
Canberra,2010-09,10.1,58.1,17.5,63.8
Canberra,2010-10,13.4,63.8,15.2,102.8
Canberra,2010-11,16.1,62.7,13.0,119.4
Canberra,2010-12,18.4,60.5,15.3,198.4
Canberra,2011-01,22.0,60.5,11.6,54.0
Canberra,2011-02,20.6,63.6,12.5,129.2
Canberra,2011-03,17.6,69.1,12.3,41.4
Canberra,2011-05,7.9,60.8,12.1,12.0
Canberra,2011-06,7.1,64.7,15.8,8.8
Canberra,2011-07,5.8,64.9,16.7,25.2
Canberra,2011-08,8.6,64.5,12.9,50.8
Canberra,2011-09,10.0,51.9,19.7,32.6
Canberra,2011-10,13.2,54.7,16.3,25.2
Canberra,2011-11,17.9,56.0,16.6,113.2
Canberra,2011-12,17.0,59.5,13.2,64.0
Canberra,2012-01,20.1,53.0,16.0,46.8
Canberra,2012-02,19.0,64.9,11.8,126.4
Canberra,2012-03,16.1,69.9,14.2,193.4
Canberra,2012-04,13.2,65.9,13.1,16.9
Canberra,2012-05,7.7,66.1,12.5,33.2
Canberra,2012-06,6.8,72.7,13.3,47.8
Canberra,2012-07,6.0,70.1,12.6,34.9
Canberra,2012-08,6.5,57.4,20.4,40.4
Canberra,2012-09,9.8,53.5,18.7,41.6
Canberra,2012-10,12.1,50.5,17.0,66.8
Canberra,2012-11,17.4,52.4,15.9,29.0
Canberra,2013-01,23.1,43.4,15.6,72.6
Canberra,2013-03,17.7,56.7,14.7,26.6
Canberra,2013-04,13.8,55.7,13.5,9.8
Canberra,2013-05,9.4,59.4,14.2,6.6
Canberra,2013-06,7.7,71.8,13.7,85.2
Canberra,2013-07,7.5,74.0,14.0,42.8
Canberra,2013-08,8.6,65.1,20.7,27.0
Canberra,2013-09,12.0,56.0,19.6,91.0
Canberra,2013-10,12.8,47.5,20.0,13.4
Canberra,2013-11,15.2,49.4,17.9,105.6
Canberra,2013-12,20.0,45.0,15.1,23.2
Canberra,2014-01,21.9,39.3,14.0,4.8
Canberra,2014-02,21.5,53.1,12.3,83.6
Canberra,2014-03,18.2,69.7,12.5,88.0
Canberra,2014-04,13.5,70.4,12.2,69.2
Canberra,2014-05,10.1,72.4,12.5,14.4
Canberra,2014-06,8.0,77.7,16.7,57.2
Canberra,2014-07,6.1,74.7,16.6,16.2
Canberra,2014-08,6.7,65.2,14.0,26.8
Canberra,2014-09,10.3,59.6,18.3,28.8
Canberra,2014-10,14.0,53.8,16.4,53.4
Canberra,2014-11,19.0,45.0,15.3,24.2
Canberra,2014-12,20.2,54.7,15.5,102.0
Canberra,2015-01,20.7,57.8,16.4,97.0
Canberra,2015-02,20.6,57.7,12.2,30.2
Canberra,2015-03,17.7,53.4,14.4,12.4
Canberra,2015-04,13.3,67.4,15.2,91.8
Canberra,2015-05,9.5,66.1,16.5,12.2
Canberra,2015-06,6.5,73.2,10.5,55.2
Canberra,2015-07,5.4,72.9,15.0,37.2
Canberra,2015-08,7.4,69.9,17.5,66.8
Canberra,2015-09,9.4,57.9,16.6,13.6
Canberra,2015-10,16.5,55.0,15.3,26.6
Canberra,2015-11,18.1,54.3,15.9,67.6
Canberra,2015-12,20.3,40.0,14.0,35.0
Canberra,2016-01,21.3,54.5,14.4,106.4
Canberra,2016-02,21.3,52.0,14.4,23.4
Canberra,2016-03,20.1,56.0,12.1,28.4
Canberra,2016-04,16.1,54.6,12.4,6.8
Canberra,2016-05,11.1,66.4,19.7,47.6
Canberra,2016-06,8.0,75.5,15.8,144.2
Canberra,2016-07,7.5,75.6,17.3,71.0
Canberra,2016-08,7.7,67.3,15.4,46.2
Canberra,2016-09,10.3,70.6,17.9,149.2
Canberra,2016-10,11.8,60.6,21.1,43.6
Canberra,2016-11,16.7,51.0,19.0,56.8
Canberra,2016-12,21.1,49.3,17.7,64.6
Canberra,2017-01,23.9,47.2,15.5,8.4
Canberra,2017-02,21.5,49.3,15.7,20.6
Canberra,2017-03,19.3,65.3,14.7,85.2
Canberra,2017-04,12.7,64.2,11.9,31.6
Canberra,2017-05,9.0,68.1,12.0,34.2
Canberra,2017-06,6.4,72.2,10.6,2.2
Darwin,2008-07,24.6,41.9,17.7,0.0
Darwin,2008-08,26.0,38.5,20.0,0.0
Darwin,2008-09,28.3,57.9,16.4,5.2
Darwin,2008-10,29.8,58.2,18.3,117.0
Darwin,2008-11,30.2,62.5,17.5,54.6
Darwin,2008-12,28.8,75.5,17.1,325.8
Darwin,2009-01,28.8,75.0,19.9,411.0
Darwin,2009-02,27.8,79.7,18.5,495.8
Darwin,2009-03,29.0,67.5,17.5,115.6
Darwin,2009-04,29.1,61.6,14.7,63.6
Darwin,2009-05,27.6,49.6,19.0,0.4
Darwin,2009-06,25.8,47.2,16.9,0.0
Darwin,2009-07,25.1,45.0,18.4,0.0
Darwin,2009-08,26.0,52.3,16.6,0.0
Darwin,2009-09,28.7,58.1,19.0,34.4
Darwin,2009-10,29.7,53.5,19.5,33.4
Darwin,2009-11,29.4,62.8,17.8,131.0
Darwin,2009-12,29.1,72.6,16.6,457.2
Darwin,2010-01,28.2,77.0,21.3,630.2
Darwin,2010-02,29.2,73.5,21.0,428.8
Darwin,2010-03,29.3,68.8,15.9,198.4
Darwin,2010-04,28.6,70.9,17.1,136.6
Darwin,2010-05,28.3,64.3,19.8,66.2
Darwin,2010-06,25.7,44.0,20.1,0.0
Darwin,2010-07,27.5,48.5,21.6,0.2
Darwin,2010-08,27.1,46.3,19.6,0.0
Darwin,2010-09,29.2,60.8,18.8,40.4
Darwin,2010-10,29.1,63.4,17.3,157.8
Darwin,2010-11,28.9,66.5,14.4,208.2
Darwin,2010-12,28.2,74.3,15.2,390.4
Darwin,2011-01,27.6,80.1,19.1,627.2
Darwin,2011-02,27.5,80.4,19.6,1110.2
Darwin,2011-03,27.9,78.2,19.4,231.6
Darwin,2011-05,25.4,48.2,17.9,0.6
Darwin,2011-06,22.6,41.4,17.3,0.0
Darwin,2011-07,25.2,45.7,18.0,0.0
Darwin,2011-08,25.3,46.4,17.8,0.0
Darwin,2011-09,27.4,52.8,19.2,3.2
Darwin,2011-10,28.9,63.3,18.6,141.0
Darwin,2011-11,28.8,67.8,15.5,152.0
Darwin,2011-12,29.5,69.9,16.6,227.2
Darwin,2012-01,28.8,71.9,19.0,459.2
Darwin,2012-02,28.7,72.6,16.4,250.2
Darwin,2012-03,28.3,75.7,18.1,572.4
Darwin,2012-04,28.2,59.6,18.0,70.2
Darwin,2012-05,26.1,48.9,20.9,51.4
Darwin,2012-06,23.6,43.6,18.0,0.0
Darwin,2012-07,24.7,41.5,18.4,0.0
Darwin,2012-08,24.6,50.0,18.0,0.0
Darwin,2012-09,27.8,55.2,16.7,21.2
Darwin,2012-10,29.1,57.5,16.7,16.8
Darwin,2012-11,29.6,63.3,15.8,77.4
Darwin,2013-01,29.3,73.8,20.6,219.8
Darwin,2013-03,28.6,76.2,18.0,381.0
Darwin,2013-04,29.1,56.7,17.7,101.6
Darwin,2013-05,28.2,57.7,20.1,31.6
Darwin,2013-06,26.7,46.4,21.6,0.6
Darwin,2013-07,25.8,42.9,21.0,0.0
Darwin,2013-08,25.7,51.0,17.4,2.6
Darwin,2013-09,28.3,50.5,19.4,0.2
Darwin,2013-10,29.4,60.5,18.1,98.6
Darwin,2013-11,28.7,67.9,16.5,314.2
Darwin,2013-12,28.8,72.6,14.1,210.8
Darwin,2014-01,28.3,76.8,20.3,608.6
Darwin,2014-02,28.2,75.4,23.2,369.0
Darwin,2014-03,28.8,67.3,15.6,92.4
Darwin,2014-04,28.9,69.6,15.5,177.2
Darwin,2014-05,28.0,57.7,18.6,8.6
Darwin,2014-06,25.6,42.4,21.0,0.0
Darwin,2014-07,25.0,49.2,18.8,0.0
Darwin,2014-08,24.9,33.4,19.7,0.0
Darwin,2014-09,27.1,54.7,17.3,0.0
Darwin,2014-10,28.9,52.8,17.5,14.8
Darwin,2014-11,29.7,58.4,16.6,165.8
Darwin,2014-12,30.3,66.8,17.7,111.0
Darwin,2015-01,28.1,78.6,20.1,484.6
Darwin,2015-02,28.7,74.5,17.2,353.2
Darwin,2015-03,29.1,72.5,17.5,230.8
Darwin,2015-04,28.7,57.1,17.9,21.2
Darwin,2015-05,26.8,46.5,18.4,13.8
Darwin,2015-06,26.5,44.3,19.3,0.4
Darwin,2015-07,25.1,42.9,19.4,0.0
Darwin,2015-08,25.7,51.3,19.8,0.2
Darwin,2015-09,27.7,50.7,17.7,3.4
Darwin,2015-10,28.9,52.9,20.0,42.6
Darwin,2015-11,30.3,59.2,17.8,84.2
Darwin,2015-12,28.8,73.1,18.1,509.4
Darwin,2016-01,29.5,70.7,16.9,169.8
Darwin,2016-02,29.5,71.8,17.8,150.4
Darwin,2016-03,30.0,72.0,15.5,115.8
Darwin,2016-04,29.8,59.8,14.0,46.4
Darwin,2016-05,29.1,61.0,17.7,62.4
Darwin,2016-06,28.1,52.8,18.7,0.0
Darwin,2016-07,25.6,47.1,19.5,0.0
Darwin,2016-08,26.4,47.0,19.4,0.0
Darwin,2016-09,28.9,61.5,16.8,64.4
Darwin,2016-10,29.2,59.5,17.3,130.8
Darwin,2016-11,29.6,66.2,13.4,208.2
Darwin,2016-12,28.9,73.3,14.0,406.8
Darwin,2017-01,28.7,75.1,17.0,470.6
Darwin,2017-02,28.3,75.2,16.6,624.8
Darwin,2017-03,28.5,77.6,12.1,458.4
Darwin,2017-04,28.1,64.2,14.1,184.8
Darwin,2017-05,27.8,49.3,15.7,0.4
Darwin,2017-06,25.7,40.1,16.8,0.0
Hobart,2008-07,7.8,69.0,15.2,48.4
Hobart,2008-08,9.1,61.5,15.7,38.6
Hobart,2008-09,11.8,48.2,23.7,26.8
Hobart,2008-10,13.9,50.1,20.2,19.6
Hobart,2008-11,13.8,59.3,20.8,73.4
Hobart,2008-12,15.2,52.1,21.1,39.2
Hobart,2009-01,18.1,49.2,20.9,10.0
Hobart,2009-02,16.6,59.8,16.4,59.2
Hobart,2009-03,16.0,61.8,17.1,70.0
Hobart,2009-04,13.3,62.2,17.9,63.8
Hobart,2009-05,11.7,64.2,16.9,53.2
Hobart,2009-06,9.1,79.5,13.1,144.0
Hobart,2009-07,8.9,65.0,17.0,40.2
Hobart,2009-08,10.6,62.6,21.6,98.4
Hobart,2009-09,11.6,59.4,20.4,132.8
Hobart,2009-10,12.0,60.7,18.2,64.6
Hobart,2009-11,15.6,62.2,18.2,70.2
Hobart,2009-12,16.6,50.9,19.9,58.6
Hobart,2010-01,18.5,49.9,20.4,14.4
Hobart,2010-02,18.4,57.9,17.0,34.8
Hobart,2010-03,18.1,56.9,15.5,30.4
Hobart,2010-04,15.0,61.1,16.4,18.2
Hobart,2010-05,11.2,65.2,14.7,26.6
Hobart,2010-06,9.2,65.1,16.6,10.6
Hobart,2010-07,9.4,64.8,14.2,5.8
Hobart,2010-08,9.6,62.5,17.2,114.0
Hobart,2010-09,10.7,56.3,22.2,93.4
Hobart,2010-10,13.4,55.8,19.4,46.2
Hobart,2010-11,14.4,60.4,17.5,95.2
Hobart,2010-12,15.7,54.2,19.7,31.0
Hobart,2011-01,17.9,58.4,17.4,59.8
Hobart,2011-02,16.2,64.0,15.6,54.4
Hobart,2011-03,15.4,61.2,18.6,45.4
Hobart,2011-05,11.0,64.2,14.2,23.6
Hobart,2011-06,9.2,66.0,17.4,64.4
Hobart,2011-07,8.3,64.6,19.7,50.2
Hobart,2011-08,11.4,69.1,17.0,53.2
Hobart,2011-09,11.7,54.3,19.6,45.6
Hobart,2011-10,12.6,58.8,18.1,61.2
Hobart,2011-11,15.8,53.4,20.0,55.2
Hobart,2011-12,16.0,59.1,18.4,52.4
Hobart,2012-01,18.6,54.0,19.0,56.0
Hobart,2012-02,17.9,58.4,16.7,22.6
Hobart,2012-03,16.4,60.3,17.4,30.8
Hobart,2012-04,15.0,59.1,17.7,22.0
Hobart,2012-05,11.7,64.7,17.4,92.2
Hobart,2012-06,8.9,68.1,14.8,33.2
Hobart,2012-07,8.8,70.2,14.5,18.2
Hobart,2012-08,9.8,62.0,18.0,57.8
Hobart,2012-09,11.6,55.5,21.0,68.0
Hobart,2012-10,12.8,54.4,16.7,29.0
Hobart,2012-11,15.4,55.3,17.7,24.8
Hobart,2013-01,18.5,48.8,20.5,11.4
Hobart,2013-03,18.2,57.7,18.6,48.6
Hobart,2013-04,13.7,57.0,17.4,21.2
Hobart,2013-05,11.6,63.1,15.4,23.0
Hobart,2013-06,9.6,68.7,18.0,51.0
Hobart,2013-07,10.0,65.1,18.4,101.4
Hobart,2013-08,10.0,58.8,20.1,61.0
Hobart,2013-09,12.4,54.4,21.4,40.0
Hobart,2013-10,13.1,51.0,24.5,106.6
Hobart,2013-11,13.2,63.8,18.1,94.0
Hobart,2013-12,16.5,55.0,20.7,28.2
Hobart,2014-01,18.0,50.0,20.3,16.2
Hobart,2014-02,18.0,55.9,17.8,27.6
Hobart,2014-03,17.3,58.8,16.4,23.4
Hobart,2014-04,14.0,60.4,16.0,42.0
Hobart,2014-05,11.6,65.6,15.2,30.6
Hobart,2014-06,9.8,69.2,13.7,20.6
Hobart,2014-07,9.6,70.9,14.6,95.8
Hobart,2014-08,10.0,61.7,15.5,46.2
Hobart,2014-09,12.8,50.3,19.1,19.4
Hobart,2014-10,13.3,53.6,20.9,49.6
Hobart,2014-11,14.8,50.8,18.6,34.8
Hobart,2014-12,16.2,60.3,18.2,78.0
Hobart,2015-01,17.3,58.0,20.0,121.6
Hobart,2015-02,17.9,59.2,17.4,21.6
Hobart,2015-03,15.1,55.5,18.1,51.2
Hobart,2015-04,12.8,62.0,15.5,12.4
Hobart,2015-05,10.7,63.0,17.0,75.8
Hobart,2015-06,9.1,66.7,17.1,44.2
Hobart,2015-07,8.3,61.8,17.6,23.0
Hobart,2015-08,8.1,62.5,19.1,63.8
Hobart,2015-09,11.8,59.5,16.1,25.0
Hobart,2015-10,14.3,50.1,20.6,14.4
Hobart,2015-11,15.6,50.8,19.6,40.4
Hobart,2015-12,17.4,52.7,19.0,35.0
Hobart,2016-01,18.4,56.3,17.7,40.2
Hobart,2016-02,19.1,55.6,18.5,21.8
Hobart,2016-03,17.1,58.5,17.0,17.0
Hobart,2016-04,15.6,51.2,18.8,8.8
Hobart,2016-05,12.2,61.0,19.0,96.0
Hobart,2016-06,10.0,70.2,16.1,115.4
Hobart,2016-07,9.7,61.8,21.2,79.2
Hobart,2016-08,9.9,57.8,19.0,15.8
Hobart,2016-09,12.1,62.4,16.6,94.2
Hobart,2016-10,12.6,53.5,21.9,83.4
Hobart,2016-11,14.3,54.9,20.1,65.2
Hobart,2016-12,17.1,52.7,19.9,56.6
Hobart,2017-01,18.3,55.0,20.7,60.0
Hobart,2017-02,17.3,47.0,19.6,10.4
Hobart,2017-03,17.7,61.9,16.2,37.0
Hobart,2017-04,14.5,57.5,15.2,21.6
Hobart,2017-05,11.1,68.7,13.2,28.4
Hobart,2017-06,10.4,62.1,16.2,5.0
Melbourne,2008-07,10.5,64.7,24.4,44.4
Melbourne,2008-08,11.0,63.4,22.3,44.8
Melbourne,2008-09,14.6,46.3,26.4,12.0
Melbourne,2008-10,16.8,46.7,24.8,14.2
Melbourne,2008-11,17.8,53.1,23.5,54.2
Melbourne,2008-12,18.3,54.5,22.5,76.8
Melbourne,2009-01,22.2,46.7,22.8,0.8
Melbourne,2009-02,22.3,51.8,21.8,3.0
Melbourne,2009-03,19.4,58.6,19.9,47.6
Melbourne,2009-04,16.3,58.5,20.6,39.2
Melbourne,2009-05,13.8,67.1,16.5,10.6
Melbourne,2009-06,11.6,70.6,19.3,25.8
Melbourne,2009-07,11.7,62.7,25.3,39.6
Melbourne,2009-08,13.0,56.4,29.5,41.2
Melbourne,2009-09,14.3,52.1,28.8,71.2
Melbourne,2009-10,15.3,56.8,21.8,22.0
Melbourne,2009-11,21.5,51.0,20.6,103.6
Melbourne,2009-12,20.3,50.5,20.1,60.2
Melbourne,2010-01,21.7,51.9,21.9,25.6
Melbourne,2010-02,23.2,55.9,21.4,62.8
Melbourne,2010-03,21.2,54.5,19.6,84.8
Melbourne,2010-04,18.7,58.4,21.2,21.4
Melbourne,2010-05,14.0,66.7,17.5,25.0
Melbourne,2010-06,11.1,71.1,20.0,63.4
Melbourne,2010-07,10.9,69.7,17.3,30.8
Melbourne,2010-08,11.2,62.5,24.3,64.6
Melbourne,2010-09,12.8,59.9,22.3,53.0
Melbourne,2010-10,15.8,57.1,23.3,144.8
Melbourne,2010-11,18.3,57.6,21.4,115.2
Melbourne,2010-12,19.6,54.3,21.2,85.2
Melbourne,2011-01,21.7,61.4,19.7,89.4
Melbourne,2011-02,20.8,62.3,18.3,126.0
Melbourne,2011-03,19.2,60.0,19.3,30.4
Melbourne,2011-05,13.0,68.5,18.8,68.4
Melbourne,2011-06,11.8,66.6,21.2,32.6
Melbourne,2011-07,11.2,66.1,25.5,36.4
Melbourne,2011-08,13.2,61.3,19.0,19.4
Melbourne,2011-09,14.6,51.8,28.3,72.0
Melbourne,2011-10,16.1,59.1,21.5,63.2
Melbourne,2011-11,19.3,55.0,20.2,108.8
Melbourne,2011-12,20.0,50.7,21.9,80.2
Melbourne,2012-01,22.3,51.9,25.2,29.4
Melbourne,2012-02,21.8,57.9,21.1,59.8
Melbourne,2012-03,19.1,59.5,20.4,59.0
Melbourne,2012-04,17.0,60.3,19.2,50.6
Melbourne,2012-05,13.5,64.1,22.5,82.6
Melbourne,2012-06,11.2,70.1,20.7,70.6
Melbourne,2012-07,11.3,68.7,19.5,59.0
Melbourne,2012-08,11.6,60.4,27.0,52.8
Melbourne,2012-09,14.2,53.7,24.0,39.2
Melbourne,2012-10,15.8,51.8,22.2,29.8
Melbourne,2012-11,18.5,54.0,23.8,37.2
Melbourne,2013-01,21.7,50.2,22.3,7.6
Melbourne,2013-03,22.1,49.8,23.9,41.4
Melbourne,2013-04,16.8,60.2,18.8,28.0
Melbourne,2013-05,13.9,62.4,22.6,38.0
Melbourne,2013-06,11.4,71.7,16.4,99.8
Melbourne,2013-07,12.1,64.3,24.3,62.4
Melbourne,2013-08,12.9,57.4,29.0,58.6
Melbourne,2013-09,15.6,53.9,26.6,87.2
Melbourne,2013-10,15.5,54.2,25.9,51.4
Melbourne,2013-11,17.2,56.6,21.9,59.2
Melbourne,2013-12,19.5,53.3,21.0,41.0
Melbourne,2014-01,22.8,48.4,25.0,13.6
Melbourne,2014-02,22.6,53.4,21.6,25.6
Melbourne,2014-03,20.4,58.2,19.7,26.2
Melbourne,2014-04,17.2,63.4,21.6,76.8
Melbourne,2014-05,15.2,65.1,21.7,35.2
Melbourne,2014-06,12.8,71.8,22.1,53.4
Melbourne,2014-07,11.5,67.4,24.4,19.0
Melbourne,2014-08,12.1,63.3,16.5,37.2
Melbourne,2014-09,14.7,55.9,23.2,34.2
Melbourne,2014-10,17.0,51.6,22.5,52.2
Melbourne,2014-11,18.6,49.8,22.4,59.6
Melbourne,2014-12,20.1,55.0,18.9,39.8
Melbourne,2015-01,23.6,49.9,23.5,5.6
Melbourne,2016-05,15.0,61.7,13.8,57.0
Melbourne,2016-06,11.1,75.6,11.7,54.4
Melbourne,2016-07,11.4,71.1,13.5,64.2
Melbourne,2016-08,12.2,64.8,13.9,61.2
Melbourne,2016-09,13.4,67.6,12.9,87.2
Melbourne,2016-10,14.6,57.1,16.4,63.4
Melbourne,2016-11,16.2,61.7,12.8,31.4
Melbourne,2016-12,20.0,55.4,13.1,39.6
Melbourne,2017-01,21.4,57.1,11.9,31.6
Melbourne,2017-02,20.3,56.8,12.0,40.2
Melbourne,2017-03,21.6,62.8,11.0,26.4
Melbourne,2017-04,16.5,65.0,11.0,123.4
Melbourne,2017-05,13.2,70.7,10.0,25.0
Melbourne,2017-06,11.0,74.8,8.4,11.0
Perth,2008-07,12.6,71.9,10.8,179.4
Perth,2008-08,12.7,51.1,11.6,27.8
Perth,2008-09,15.0,58.3,14.2,75.8
Perth,2008-10,18.1,52.8,15.2,38.4
Perth,2008-11,18.0,54.0,14.4,57.8
Perth,2008-12,21.7,51.9,15.4,11.6
Perth,2009-01,25.6,47.5,14.5,0.2
Perth,2009-02,24.9,47.4,15.2,8.2
Perth,2009-03,22.1,49.0,12.5,6.8
Perth,2009-04,20.5,48.1,11.1,5.0
Perth,2009-05,17.0,48.0,9.9,46.0
Perth,2009-06,13.9,70.2,11.7,156.2
Perth,2009-07,12.5,67.9,10.7,149.6
Perth,2009-08,14.1,68.8,11.8,111.0
Perth,2009-09,14.2,61.0,15.5,80.2
Perth,2009-10,17.8,52.9,15.4,6.8
Perth,2009-11,20.2,46.7,14.9,38.2
Perth,2009-12,23.6,37.3,16.1,0.0
Perth,2010-01,26.2,38.4,16.1,0.0
Perth,2010-02,25.1,45.6,14.8,0.2
Perth,2010-03,24.1,46.5,13.9,40.4
Perth,2010-04,19.4,57.5,11.6,25.0
Perth,2010-05,15.3,57.6,9.9,88.6
Perth,2010-06,13.0,64.4,8.0,51.4
Perth,2010-07,12.1,66.9,9.7,142.0
Perth,2010-08,12.7,58.7,9.4,63.0
Perth,2010-09,15.0,47.8,12.4,43.6
Perth,2010-10,17.7,41.9,15.6,20.6
Perth,2010-11,22.5,38.0,15.3,11.6
Perth,2010-12,22.9,44.8,15.0,17.4
Perth,2011-01,26.0,44.6,15.1,30.2
Perth,2011-02,27.6,42.4,15.2,0.4
Perth,2011-03,25.2,41.9,14.0,0.0
Perth,2011-05,17.1,56.4,9.7,85.0
Perth,2011-06,14.8,65.6,11.2,171.4
Perth,2011-07,13.4,71.3,9.9,161.0
Perth,2011-08,14.6,60.5,12.4,115.2
Perth,2011-09,15.0,58.3,12.5,109.2
Perth,2011-10,18.7,53.0,13.2,64.2
Perth,2011-11,20.4,49.6,15.9,29.0
Perth,2011-12,24.4,47.2,14.6,75.8
Perth,2012-01,26.8,44.5,14.6,18.8
Perth,2012-02,25.1,49.0,13.8,23.6
Perth,2012-03,23.8,38.6,13.7,0.2
Perth,2012-04,20.3,53.7,10.6,69.2
Perth,2012-05,16.8,58.9,9.3,49.0
Perth,2012-06,14.9,68.7,10.8,140.8
Perth,2012-07,12.3,61.4,8.3,34.6
Perth,2012-08,14.4,65.0,10.4,87.2
Perth,2012-09,15.6,57.0,13.6,90.8
Perth,2012-10,18.8,49.9,14.3,15.6
Perth,2012-11,19.9,51.9,16.2,58.2
Perth,2013-01,25.5,47.8,15.7,7.2
Perth,2013-03,22.0,56.0,12.9,69.6
Perth,2013-04,22.6,57.2,9.9,21.0
Perth,2013-05,16.0,64.5,10.0,138.2
Perth,2013-06,13.9,66.0,8.2,44.0
Perth,2013-07,12.9,66.2,10.7,140.0
Perth,2013-08,15.6,68.5,11.9,167.4
Perth,2013-09,15.9,66.3,14.4,144.2
Perth,2013-10,18.0,56.7,13.3,38.0
Perth,2013-11,22.5,46.9,15.7,10.2
Perth,2013-12,23.6,42.3,14.8,1.8
Perth,2014-01,25.6,44.0,15.5,0.2
Perth,2014-02,25.9,40.4,14.2,0.0
Perth,2014-03,24.0,49.4,13.7,7.4
Perth,2014-04,20.3,52.8,10.9,24.6
Perth,2014-05,16.9,73.2,9.5,152.6
Perth,2014-06,13.6,66.7,9.1,93.6
Perth,2014-07,13.7,71.4,10.3,151.2
Perth,2014-08,16.0,62.1,10.9,107.0
Perth,2014-09,16.7,61.8,12.5,77.0
Perth,2014-10,18.5,54.7,13.4,37.0
Perth,2014-11,20.1,50.7,14.1,23.8
Perth,2014-12,22.3,44.9,15.7,0.0
Perth,2015-01,25.6,41.5,14.3,18.6
Perth,2015-02,25.8,50.2,12.8,23.4
Perth,2015-03,23.2,50.2,13.1,15.6
Perth,2015-04,19.5,54.0,11.8,54.0
Perth,2015-05,15.1,59.1,9.4,83.8
Perth,2015-06,15.3,65.0,10.0,100.4
Perth,2015-07,13.9,71.3,9.5,102.4
Perth,2015-08,14.2,65.1,10.5,113.0
Perth,2015-09,16.0,50.4,12.7,52.0
Perth,2015-10,20.2,51.7,12.1,20.6
Perth,2015-11,22.2,48.9,14.2,20.4
Perth,2015-12,22.8,44.8,15.5,13.6
Perth,2016-01,25.7,48.2,14.1,15.2
Perth,2016-02,25.0,40.6,14.0,0.6
Perth,2016-03,23.8,53.0,12.9,16.8
Perth,2016-04,20.1,63.2,11.0,68.2
Perth,2016-05,15.5,66.8,9.2,112.0
Perth,2016-06,13.7,69.7,9.0,109.4
Perth,2016-07,12.6,66.1,10.9,139.6
Perth,2016-08,12.8,65.8,11.8,123.2
Perth,2016-09,13.0,59.2,12.8,68.8
Perth,2016-10,16.2,54.3,15.1,37.4
Perth,2016-11,20.7,44.4,14.4,14.4
Perth,2016-12,22.1,45.1,15.6,10.2
Perth,2017-01,23.9,44.6,14.4,45.4
Perth,2017-02,23.9,54.0,13.2,137.2
Perth,2017-03,22.1,54.5,12.3,23.6
Perth,2017-04,20.0,51.2,10.2,0.0
Perth,2017-05,16.9,63.0,9.2,70.8
Perth,2017-06,15.2,60.4,8.3,88.0
Sydney,2008-02,21.6,70.1,16.2,258.4
Sydney,2008-03,21.2,67.2,15.4,63.4
Sydney,2008-04,17.7,66.6,16.2,146.6
Sydney,2008-05,16.0,64.5,14.8,3.0
Sydney,2008-06,15.3,70.0,16.7,127.2
Sydney,2008-07,12.8,59.7,15.9,89.6
Sydney,2008-08,12.7,54.6,18.6,44.2
Sydney,2008-09,16.8,56.8,17.2,99.2
Sydney,2008-10,18.8,64.4,16.5,66.6
Sydney,2008-11,20.2,60.6,17.6,73.2
Sydney,2008-12,22.0,62.5,18.3,54.2
Sydney,2009-01,23.7,60.6,16.4,24.8
Sydney,2009-02,22.7,70.6,15.2,127.6
Sydney,2009-03,22.2,65.6,14.2,60.6
Sydney,2009-04,19.2,65.3,17.5,152.6
Sydney,2009-05,16.6,65.2,18.0,125.8
Sydney,2009-06,14.1,68.7,13.4,129.8
Sydney,2009-07,13.8,58.7,16.5,53.0
Sydney,2009-08,15.6,48.6,16.3,6.0
Sydney,2009-09,18.3,48.1,18.5,16.0
Sydney,2009-10,17.7,60.5,17.6,180.0
Sydney,2009-11,22.4,62.6,17.4,13.2
Sydney,2009-12,22.2,66.0,17.8,66.8
Sydney,2010-01,24.1,65.5,15.4,36.0
Sydney,2010-02,24.3,68.8,16.5,239.4
Sydney,2010-03,22.5,66.8,16.0,51.4
Sydney,2010-04,20.2,62.6,15.7,30.0
Sydney,2010-05,16.4,66.9,16.0,168.4
Sydney,2010-06,13.7,65.8,16.8,147.2
Sydney,2010-07,13.1,69.2,15.4,114.4
Sydney,2010-08,13.9,51.4,19.1,27.0
Sydney,2010-09,16.6,56.2,16.1,42.2
Sydney,2010-10,18.4,66.2,18.8,85.0
Sydney,2010-11,20.2,68.9,18.2,129.6
Sydney,2010-12,22.4,65.1,18.0,83.2
Sydney,2011-01,24.1,67.0,17.5,53.8
Sydney,2011-02,24.8,66.6,17.0,18.0
Sydney,2011-03,22.6,68.5,18.0,191.6
Sydney,2011-05,15.1,64.2,19.4,135.6
Sydney,2011-06,14.2,61.9,19.8,93.8
Sydney,2011-07,13.0,60.2,19.0,282.2
Sydney,2011-08,15.2,63.7,16.0,52.2
Sydney,2011-09,17.1,52.9,18.5,71.6
Sydney,2011-10,18.3,63.6,16.7,37.4
Sydney,2011-11,21.5,66.4,16.4,148.4
Sydney,2011-12,19.9,64.0,17.4,78.4
Sydney,2012-01,22.8,63.6,19.2,138.8
Sydney,2012-02,22.5,70.6,17.4,111.0
Sydney,2012-03,21.2,69.3,17.2,269.8
Sydney,2012-04,19.5,65.8,17.4,148.2
Sydney,2012-05,16.1,59.3,17.5,37.2
Sydney,2012-06,13.7,69.8,15.2,244.2
Sydney,2012-07,13.3,61.9,18.4,56.2
Sydney,2012-08,14.6,42.2,19.1,19.0
Sydney,2012-09,17.2,48.2,20.0,23.8
Sydney,2012-10,18.5,53.7,17.2,29.4
Sydney,2012-11,20.5,63.1,16.8,52.0
Sydney,2013-01,24.1,63.3,16.8,137.8
Sydney,2013-03,22.7,62.0,18.3,65.6
Sydney,2013-04,19.4,64.6,15.7,199.8
Sydney,2013-05,16.6,61.6,17.6,110.2
Sydney,2013-06,14.4,71.8,16.6,316.4
Sydney,2013-07,14.6,61.4,15.5,32.6
Sydney,2013-08,15.8,46.0,18.3,14.8
Sydney,2013-09,19.1,48.6,17.7,35.8
Sydney,2013-10,20.4,44.2,19.2,42.2
Sydney,2013-11,20.2,61.5,15.7,192.8
Sydney,2013-12,22.5,56.6,18.2,31.0
Sydney,2014-01,23.3,57.4,17.7,17.4
Sydney,2014-02,23.1,64.6,17.4,58.2
Sydney,2014-03,22.8,66.6,14.2,102.6
Sydney,2014-04,19.9,65.4,15.5,121.0
Sydney,2014-05,18.1,58.6,16.1,27.4
Sydney,2014-06,15.3,60.6,17.7,68.0
Sydney,2014-07,13.9,54.0,18.5,16.4
Sydney,2014-08,14.0,66.7,18.7,215.2
Sydney,2014-09,17.1,55.5,17.9,50.4
Sydney,2014-10,19.9,54.6,18.3,86.6
Sydney,2014-11,21.8,56.9,18.7,16.0
Sydney,2014-12,22.5,64.4,18.3,118.0
Sydney,2015-01,24.0,66.7,17.0,165.8
Sydney,2015-02,23.7,68.9,16.4,59.0
Sydney,2015-03,22.6,63.1,17.6,65.2
Sydney,2015-04,19.0,71.0,19.3,366.8
Sydney,2015-05,16.6,62.5,17.6,109.8
Sydney,2015-06,14.3,68.7,13.9,110.6
Sydney,2015-07,12.7,60.8,17.3,47.0
Sydney,2015-08,14.5,52.8,16.8,71.8
Sydney,2015-09,16.3,56.5,19.2,80.0
Sydney,2015-10,20.9,57.0,16.0,43.0
Sydney,2015-11,21.9,61.4,17.3,122.6
Sydney,2015-12,22.2,59.8,17.4,96.6
Sydney,2016-01,23.5,65.4,15.0,249.8
Sydney,2016-02,24.4,59.5,17.4,25.8
Sydney,2016-03,23.2,65.6,16.1,193.2
Sydney,2016-04,20.8,65.9,15.0,155.0
Sydney,2016-05,18.1,52.7,15.4,7.2
Sydney,2016-06,15.0,59.1,18.0,305.0
Sydney,2016-07,14.2,58.4,18.0,104.6
Sydney,2016-08,14.5,58.6,17.4,151.4
Sydney,2016-09,17.2,54.9,18.7,70.0
Sydney,2016-10,19.1,44.2,21.0,31.4
Sydney,2016-11,21.7,51.0,18.9,27.2
Sydney,2016-12,24.1,56.0,17.7,65.0
Sydney,2017-01,25.6,57.8,17.0,48.4
Sydney,2017-02,24.8,60.2,17.1,205.2
Sydney,2017-03,22.8,71.4,19.2,326.6
Sydney,2017-04,19.2,59.7,16.7,82.6
Sydney,2017-05,16.9,60.6,16.3,30.0
Sydney,2017-06,14.5,69.1,16.9,173.0
Townsville,2008-12,28.8,65.4,19.5,178.8
Townsville,2009-01,27.2,77.4,18.8,653.8
Townsville,2009-02,27.2,79.1,17.6,960.8
Townsville,2009-03,27.2,61.0,18.8,18.8
Townsville,2009-04,25.9,62.8,15.9,51.4
Townsville,2009-05,22.6,57.7,17.3,6.4
Townsville,2009-06,20.6,53.7,14.6,0.4
Townsville,2009-07,19.6,51.3,17.1,0.2
Townsville,2009-08,21.1,57.0,17.6,0.0
Townsville,2009-09,24.1,49.9,20.7,3.8
Townsville,2009-10,25.5,45.8,24.1,1.2
Townsville,2009-11,26.4,56.2,24.5,24.0
Townsville,2009-12,28.5,58.9,22.5,268.6
Townsville,2010-01,27.8,72.9,20.9,543.2
Townsville,2010-02,27.9,74.1,16.1,401.4
Townsville,2010-03,27.2,67.1,19.6,218.6
Townsville,2010-04,25.8,68.8,18.0,35.4
Townsville,2010-05,23.4,56.4,16.9,0.2
Townsville,2010-06,21.0,57.2,16.9,22.6
Townsville,2010-07,22.6,63.4,18.6,1.8
Townsville,2010-08,21.7,58.5,18.0,54.2
Townsville,2010-09,25.6,68.4,21.3,84.4
Townsville,2010-10,25.2,62.7,24.2,51.6
Townsville,2010-11,25.7,71.7,20.1,187.0
Townsville,2010-12,27.7,75.9,18.2,406.0
Townsville,2011-01,27.8,69.1,17.5,178.6
Townsville,2011-02,27.4,73.1,21.7,334.0
Townsville,2011-03,26.8,78.4,16.5,655.0
Townsville,2011-05,21.2,51.4,18.0,23.4
Townsville,2011-06,18.8,54.3,17.6,15.8
Townsville,2011-07,18.8,56.6,16.2,1.0
Townsville,2011-08,20.2,53.2,20.1,0.0
Townsville,2011-09,21.7,52.3,22.3,0.0
Townsville,2011-10,25.7,56.9,23.4,15.8
Townsville,2011-11,27.1,59.4,26.0,18.4
Townsville,2011-12,27.9,64.7,21.5,180.2
Townsville,2012-01,27.9,67.8,17.5,266.2
Townsville,2012-02,28.1,69.7,16.5,248.6
Townsville,2012-03,26.8,72.2,18.0,556.2
Townsville,2012-04,25.2,60.0,17.0,16.6
Townsville,2012-05,22.3,57.6,19.5,69.6
Townsville,2012-06,19.4,61.2,14.4,28.0
Townsville,2012-07,19.6,59.8,16.5,105.6
Townsville,2012-08,19.8,58.7,16.0,1.4
Townsville,2012-09,23.0,56.3,20.6,0.0
Townsville,2012-10,24.1,51.0,24.1,0.2
Townsville,2012-11,26.9,56.5,23.8,7.8
Townsville,2013-01,29.0,62.3,22.8,286.0
Townsville,2013-03,27.1,63.7,19.4,104.6
Townsville,2013-04,25.5,65.6,16.4,48.8
Townsville,2013-05,23.1,61.8,19.0,29.0
Townsville,2013-06,20.8,54.6,16.0,1.2
Townsville,2013-07,21.3,56.4,21.9,4.0
Townsville,2013-08,20.7,57.4,16.1,0.2
Townsville,2013-09,23.8,54.6,21.0,0.6
Townsville,2013-10,26.0,55.7,23.4,8.8
Townsville,2013-11,26.9,63.4,21.5,139.0
Townsville,2013-12,28.0,53.6,23.7,9.4
Townsville,2014-01,29.1,58.9,24.4,77.4
Townsville,2014-02,27.2,71.1,21.2,376.8
Townsville,2014-03,26.6,66.6,20.3,174.2
Townsville,2014-04,26.0,67.6,19.8,214.2
Townsville,2014-05,23.3,60.4,18.6,10.2
Townsville,2014-06,21.0,61.7,17.7,56.2
Townsville,2014-07,18.8,53.0,15.9,5.8
Townsville,2014-08,20.6,54.5,20.3,49.6
Townsville,2014-09,22.6,56.0,19.3,5.4
Townsville,2014-10,24.5,52.2,22.0,2.4
Townsville,2014-11,27.2,57.4,23.2,22.6
Townsville,2014-12,29.1,59.4,21.7,42.4
Townsville,2015-01,28.9,67.0,18.0,185.0
Townsville,2015-02,29.1,58.5,20.7,31.8
Townsville,2015-03,28.9,57.5,22.4,5.2
Townsville,2015-04,26.2,51.8,20.9,14.6
Townsville,2015-05,23.7,52.6,19.1,1.0
Townsville,2015-06,22.3,61.0,20.1,15.4
Townsville,2015-07,20.3,53.0,18.0,0.2
Townsville,2015-08,20.7,54.1,19.5,3.2
Townsville,2015-09,23.2,50.2,23.7,0.6
Townsville,2015-10,24.9,54.5,27.8,4.0
Townsville,2015-11,28.0,59.3,23.3,26.0
Townsville,2015-12,28.4,58.3,25.2,110.6
Townsville,2016-01,29.0,60.9,21.2,76.6
Townsville,2016-02,29.5,63.9,16.8,94.6
Townsville,2016-03,27.4,73.0,17.0,558.0
Townsville,2016-04,26.5,60.8,20.4,21.0
Townsville,2016-05,25.5,61.8,18.7,0.4
Townsville,2016-06,22.5,61.5,16.1,59.0
Townsville,2016-07,21.3,63.5,16.4,53.2
Townsville,2016-08,21.2,57.8,21.4,21.0
Townsville,2016-09,25.2,63.8,20.6,17.4
Townsville,2016-10,26.2,54.7,22.8,8.2
Townsville,2016-11,27.5,53.9,23.0,11.0
Townsville,2016-12,28.6,58.9,22.2,31.0
Townsville,2017-01,28.8,68.3,19.4,164.2
Townsville,2017-02,28.7,65.5,21.1,139.2
Townsville,2017-03,28.1,67.6,16.9,166.0
Townsville,2017-04,25.2,55.6,20.4,20.6
Townsville,2017-05,22.7,65.1,16.9,166.4
Townsville,2017-06,19.9,55.2,15.1,0.6
Woomera,2009-01,28.5,22.1,19.2,0.0
Woomera,2009-02,28.2,25.7,20.2,0.0
Woomera,2009-03,23.9,36.5,18.6,8.0
Woomera,2009-04,19.6,39.0,18.2,2.8
Woomera,2009-05,14.9,54.6,14.0,22.0
Woomera,2009-06,12.7,58.5,18.5,14.0
Woomera,2009-07,12.4,54.8,18.8,11.6
Woomera,2009-08,15.2,41.6,19.6,5.2
Woomera,2009-09,17.6,33.0,26.9,12.6
Woomera,2009-10,19.5,34.3,20.8,12.4
Woomera,2009-11,26.3,28.6,21.9,46.0
Woomera,2009-12,25.8,28.1,20.3,5.8
Woomera,2010-01,28.4,25.9,21.2,3.8
Woomera,2010-02,27.9,36.0,18.6,31.8
Woomera,2010-03,24.5,34.0,17.9,0.2
Woomera,2010-04,20.5,47.8,14.3,55.0
Woomera,2010-05,14.9,52.3,16.9,18.0
Woomera,2010-06,11.7,59.9,12.6,4.8
Woomera,2010-07,10.9,59.0,14.1,13.4
Woomera,2010-08,11.4,57.4,20.0,28.4
Woomera,2010-09,14.9,51.2,20.8,23.0
Woomera,2010-10,18.8,40.5,19.8,36.8
Woomera,2010-11,22.1,37.4,19.0,3.8
Woomera,2010-12,24.5,33.0,20.2,26.6
Woomera,2011-01,30.2,27.1,19.4,0.4
Woomera,2011-02,26.6,45.6,18.0,89.8
Woomera,2011-03,22.2,55.4,19.5,17.8
Woomera,2011-05,14.0,60.5,16.8,27.0
Woomera,2011-06,11.9,57.1,14.5,0.4
Woomera,2011-07,12.1,58.9,15.7,26.8
Woomera,2011-08,14.9,43.5,16.6,6.4
Woomera,2011-09,17.8,33.0,26.0,6.8
Woomera,2011-10,19.8,41.1,23.1,16.6
Woomera,2011-11,24.2,32.0,23.0,16.0
Woomera,2011-12,25.9,27.2,23.4,14.2
Woomera,2012-01,27.5,31.8,23.9,30.8
Woomera,2012-02,25.3,39.1,22.3,18.6
Woomera,2012-03,22.7,44.3,19.6,34.8
Woomera,2012-04,20.2,34.5,18.3,0.0
Woomera,2012-05,14.7,45.5,19.3,3.2
Woomera,2012-06,11.4,59.1,18.2,8.0
Woomera,2012-07,10.7,52.9,17.1,4.8
Woomera,2012-08,12.6,42.5,21.8,0.8
Woomera,2012-09,17.2,27.3,24.3,0.0
Woomera,2012-10,21.0,25.8,24.2,1.6
Woomera,2012-11,25.2,24.2,24.4,14.6
Woomera,2013-01,28.0,24.7,25.3,4.4
Woomera,2013-03,24.4,40.6,21.0,13.0
Woomera,2013-04,21.2,36.4,16.6,9.6
Woomera,2013-05,17.5,46.0,20.2,17.0
Woomera,2013-06,12.3,66.8,16.8,38.4
Woomera,2013-07,12.2,58.7,18.4,27.6
Woomera,2013-08,14.9,43.3,20.7,6.8
Woomera,2013-09,20.6,29.0,24.5,4.6
Woomera,2013-10,20.3,25.9,25.2,7.6
Woomera,2013-11,22.7,23.1,23.0,0.0
Woomera,2013-12,26.5,25.2,22.9,3.6
Woomera,2014-01,29.2,27.5,22.5,4.8
Woomera,2014-02,28.0,32.0,22.6,17.2
Woomera,2014-03,24.9,36.5,20.0,0.0
Woomera,2014-04,20.2,54.3,20.0,51.2
Woomera,2014-05,17.4,50.3,16.9,5.8
Woomera,2014-06,12.7,61.6,20.2,3.6
Woomera,2014-07,12.0,50.6,20.2,2.4
Woomera,2014-08,13.1,37.9,18.7,0.6
Woomera,2014-09,17.4,31.3,25.0,4.8
Woomera,2014-10,22.8,22.6,22.6,0.0
Woomera,2014-11,24.7,25.4,23.8,13.6
Woomera,2014-12,25.5,31.4,22.8,11.2
Woomera,2015-01,26.2,40.5,23.7,88.8
Woomera,2015-02,28.7,26.9,21.1,0.0
Woomera,2015-03,23.0,35.8,20.6,0.0
Woomera,2015-04,17.8,42.8,21.0,23.8
Woomera,2015-05,14.7,52.4,18.9,0.2
Woomera,2015-06,12.2,63.2,16.8,8.2
Woomera,2015-07,10.9,53.4,18.1,3.0
Woomera,2015-08,13.4,47.3,20.8,14.6
Woomera,2015-09,15.9,35.2,22.5,3.8
Woomera,2015-10,25.0,25.4,22.1,1.0
Woomera,2015-11,24.8,32.1,23.1,11.4
Woomera,2015-12,28.2,22.9,20.2,3.8
Woomera,2016-01,28.1,30.5,22.8,0.4
Woomera,2016-02,27.1,35.4,22.4,15.2
Woomera,2016-03,25.8,43.9,17.9,24.0
Woomera,2016-04,21.0,36.2,20.3,1.0
Woomera,2016-05,16.4,50.2,19.6,29.3
Woomera,2016-06,12.7,65.8,17.2,56.7
Woomera,2016-07,11.9,57.0,19.1,6.9
Woomera,2016-08,13.5,44.9,20.4,27.6
Woomera,2016-09,14.5,45.6,25.1,45.0
Woomera,2016-10,18.8,35.2,28.3,10.4
Woomera,2016-11,23.1,30.2,23.7,0.5
Woomera,2016-12,26.3,39.5,22.7,14.9
Woomera,2017-01,28.2,42.6,22.0,51.6
Woomera,2017-02,26.9,37.1,22.1,0.0
Woomera,2017-03,26.2,35.6,19.4,0.0
Woomera,2017-04,19.3,48.1,17.4,40.7
Woomera,2017-05,15.1,51.5,16.0,10.6
Woomera,2017-06,12.3,51.7,12.2,0.2
